id,name,ingredients,allergensraw,allergensmapped,,link
1, Seeded Batch Warburtons," wheat flour with calcium, iron, niacin b and thiamin b, water, seed mix  malted wheat flakes, sunflower seeds, brown linseed, millet seeds, poppy seeds, yeast, wheat gluten, malted barley flour, salt, soya flour, preservative calcium propionate, emulsifiers ee, e"," wheat, barley, soya","wheat, soy",, https://world.openfoodfacts.org/product/5010044002552/seeded-batch-warburtons
2, NYC Bagel Sesame New York Bakery," wheat flour, water, sesame seeds , sugar, yeast, rapeseed oil, salt, malted barley flour, flour treatment agent ascorbic acid"," wheat, sesame, barley","wheat, sesame",, https://world.openfoodfacts.org/product/5020364010151/nyc-bagel-sesame-new-york-bakery 
3, Houmous Carrefour," cooked chickpeas  water, chickpeas, water, sesame seed paste , rapeseed oil, salt, acid citric acid, garlic, preservative potassium sorbate", sesame,sesame,, https://world.openfoodfacts.org/product/3560071010522/houmous-carrefour 
4, Sesame Bagel Warburtons," wheat flour with calcium, iron, niacin b and thiamin b, water, sesame seeds , sugar, wheat gluten, yeast, salt, soya flour, preservative calcium propionate, flour treatment agent ascorbic acid"," wheat, sesame, soya","wheat, sesame, soy",, https://world.openfoodfacts.org/product/5010044008875/sesame-bagel-warburtons
5, Jben Jaouda," pasteurized cows milk, salt, lactic ferments", milk,milk,, https://world.openfoodfacts.org/product/6111242106949/jben-jaouda
6, Ghilal Yaourt Zr3 Jaouda," fresh milk, sugar, fruit preparation cereal grains, nuts, modified starch, thickeners pectin, guar gum, flavorings, lactic ferments"," milk, nuts","milk, tree nut",, https://world.openfoodfacts.org/product/6111242102002/ghilal-yaourt-zr3-jaouda 
7, Authentic Greek Yogurt Brooklea," pasteurized skimmed milk, cream milk, yogurt culture", milk,milk,, https://world.openfoodfacts.org/product/4088600060941/authentic-greek-yogurt-brooklea 
8, La Vache Qui Rit," rehydrated skimmed milk, cheeses, butter, milk proteins, emulsifying salts polyphosphates, calcium phosphates, citric acid, sodium citrates, salt", milk,milk,, https://world.openfoodfacts.org/product/3073781192186/la-vache-qui-rit 
9, Chia & Quinoa Loaf Promise Gluten Free," water, rice flour, tapioca starch, corn starch, rapeseed oil, humectant glycerine, black chia seeds , quinoa flour , egg white powder, yeast, sugar, psyllium husk powder, thickeners hydroxypropyl methyl cellulose, xanthan gum, salt, corn flour, preservative calcium propionate", egg,egg,, https://world.openfoodfacts.org/product/5411188110842/chia-quinoa-loaf-promise-gluten-free
10, Foie de morue nature au sel de Guérande," cod liver, salt", fish,fish,, https://world.openfoodfacts.org/product/3263670923414/foie-de-morue-nature-au-sel-de-guerande-121g-cble-connetable 
11, Fish Sauce Blue Dragon," anchovy extract , salt, sugar, water", fish,fish,, https://world.openfoodfacts.org/product/5010338404383/fish-sauce-imp-blue-dragon 
12, Mackerel fillets in spicy tomato sauce Nixe," mackerel fillets , water, tomato paste , rapeseed oil, sugar, spirit vinegar, salt, thickeners guar gum, locust bean gum modified starch, spices, natural flavoring", fish,fish,, https://world.openfoodfacts.org/product/20183059/mackrel-fillets-in-spicy-tomato-sauce-nixe
13, Mackerel in Tomato Sauce The Fishmonger," mackerel fish , water, tomato paste , rapeseed oil, sugar, spirit vinegar, salt, thickener guar gum", fish,fish,, https://world.openfoodfacts.org/product/4088600107004/mackerel-in-tomato-sauce-the-fishmonger 
14, Insalatissime Messicana e Tonno Rio Mare," tuna , red beans , corn , corn oil, peppers , carrots , salt, flavorings", fish,fish,, https://world.openfoodfacts.org/product/8004030026018/insalatissime-messicana-e-tonno-160-gr-rio-mare
15, Bebida de soja UHT Hacendado," water, soybeans , sugar, calcium carbonate, salt, stabilizer gellan gum, flavorings, vitamins a and d", soybeans,soy,, https://world.openfoodfacts.org/product/8480000293145/bebida-de-soja-uht-hacendado 
16, Organic Tamari Soy Sauce Yutaka," water, organic soybeans , salt, organic spirit vinegar", soybeans,soy,, https://world.openfoodfacts.org/product/5014276308505/organic-tamari-soy-sauce-yutaka 
17, Hazelnuts Stutz Packing Co, hazelnuts, nuts (hazelnuts),tree nut,, https://world.openfoodfacts.org/product/0715001111722/hazelnuts-stutz-packing-co 
18, Marty's Crackling Plain Salted Oishi," dehydrated green peas, vegetable oil may contain coconut oil andor palm olein, tapioca starch, dehydrated potatoes, salt, sugar, hydrolyzed soy protein, monosodium glutamate, disodium inosinate, disodium guanylate, spices, tbhq", soy,soy,, https://world.openfoodfacts.org/product/4800194179881/marty-s-crackling-plain-salted-oishi 
19, Almonds Grape Tree, almonds, nuts (almonds),tree nut,, https://world.openfoodfacts.org/product/5060339018768/almonds-grape-tree
20, Fish Fingers Birds Eye," cod fish , wheat flour, water, rapeseed oil, wheat starch, salt, yeast, turmeric, paprika"," fish, wheat","fish, wheat",, https://world.openfoodfacts.org/product/5000116128921/fish-fingers-birds-eye 
21, Crevette Panees Lidl," shrimp shellfish , wheat flour, water, rapeseed oil, modified corn starch, rice flour, salt, yeast, sugar, onion powder, garlic powder"," shellfish, wheat","shellfish, wheat",, https://world.openfoodfacts.org/product/4056489676706/crevette-panees-lidl 
22, Kiri Carre 8p," milk, cream, water, milk proteins, emulsifying salts polyphosphates, sodium phosphates, citric acid, salt", milk,milk,, https://world.openfoodfacts.org/product/6111028000980/kiri-carre-8p 
23, Double Zero Cerise Danone," skimmed milk, cherries , modified maize starch, flavorings, black carrot juice concentrate, acidity regulators sodium citrate, citric acid, stabilizer pectin, lactic cultures milk, sweeteners acesulfame k, sucralose", milk,milk,, https://world.openfoodfacts.org/product/6111032010135/double-zero-cerise-danone 
24, Babybel," milk, salt, lactic ferments, microbial coagulant", milk,milk,, https://world.openfoodfacts.org/product/3073780918763/babybel 
25, La Buche Fondante Lactalis," pasteurized goats milk, salt, cultures, coagulant", milk,milk,, https://world.openfoodfacts.org/product/3228021170053/la-buche-fondante-lactalis 
26, Lait 100 Francais Matin Leger Demi Ecreme Lactel," semiskimmed milk, lactase", milk,milk,, https://world.openfoodfacts.org/product/3428273980046/lait-100-francais-matin-leger-demi-ecreme-lactel
27,Tortellini Jambon Cru Lustucru,"pasta  durum wheat semolina, fresh eggs from freerange hens , water filling  cured ham pork ham, salt , water, breadcrumbs wheat flour, water, salt, yeast, crme frache , dehydrated potatoesspice turmeric, hard cheese, whey milk, rapeseed andor sunflower oil, natural flavorings wheat, milk, pasteurized butter, salt, basil, pepper, nutmeg"," eggs, gluten, milk","egg, milk",,https://world.openfoodfacts.org/product/3240931548241/tortellini-jambon-cru-lustucru
28, Medium Egg Noodles Aldi," wheat flour, egg , salt, acidity regulator potassium carbonate"," wheat, egg","wheat, egg",, https://world.openfoodfacts.org/product/4088600401096/medium-egg-noodles-aldi 
29, Mayonnaise Classique Lesieur," rapeseed oil , water, spirit vinegar, egg yolks , mustard water, mustard seeds, vinegar, salt, spices, flavorings, salt, sugar, modified starch, thickener xanthan gum"," egg, mustard",egg,, https://world.openfoodfacts.org/product/3011360030474/mayonnaise-classique-lesieur 
30, Blueberry Muffin Myrtilles Nakd," dates , cashews , raisins , almonds , blueberries , natural flavoring", nuts,tree nut,, https://world.openfoodfacts.org/product/5060088706534/blueberry-muffin-myrtilles-nakd 
31, Penne Rigate n.73 Barilla," durum wheat semolina, water", wheat,wheat,, https://world.openfoodfacts.org/product/8076802085738/penne-rigate-n-73-barilla 
32, All-Bran Original Kellogg's," wheat bran , sugar, barley malt flavoring, salt"," wheat, barley",wheat,, https://world.openfoodfacts.org/product/5000127142190/all-bran-original-kellogg 
33, Wraps Old El Paso," wheat flour , water, glycerin, vegetable oils palm, rapeseed, wheat gluten, salt, dextrose, raising agents sodium acid pyrophosphate, sodium bicarbonate, emulsifier mono and diglycerides of fatty acids, preservative potassium sorbate, calcium propionate, citric acid", wheat,wheat,, https://world.openfoodfacts.org/product/8410076472953/wraps-old-el-paso 
34, White Tortilla Wraps Tesco," wheat flour, water, vegetable oils palm, rapeseed, humectant glycerol, wheat gluten, raising agents sodium bicarbonate, disodium diphosphate, acidity regulator malic acid, salt, stabilisers guar gum, cellulose gum, wheat starch, flour treatment agent lcysteine hydrochloride", wheat,wheat,, https://world.openfoodfacts.org/product/5057967342044/white-tortilla-wraps-tesco 
35, Malted Bloomer Village Bakery," wheat flour, water, malted wheat flakes , yeast, wheat gluten, barley malt flour, salt, emulsifier mono and diacetyl tartaric acid esters of mono and diglycerides of fatty acids, soya flour, flour treatment agent ascorbic acid"," wheat, barley, soya","wheat, soy",, https://world.openfoodfacts.org/product/4088600184197/malted-bloomer-village-bakery 
36, Menguy's Peanut 100, peanuts, peanut,peanut,, https://world.openfoodfacts.org/product/3327272107969/menguy-s-peanut-100 
37, Pate d'Arachide, roasted peanuts, peanut,peanut,, https://world.openfoodfacts.org/product/8198701234564/250623-pate-d-arachide 
38, Crunchy Peanut Butter Whole Earth," roasted peanuts , sustainable palm oil, sea salt", peanut,peanut,, https://world.openfoodfacts.org/product/5013665108801/crunchy-peanut-butter-whole-earth 
39, Crunchy Peanut Butter Meridian, roasted peanuts whole skin on , peanut,peanut,, https://world.openfoodfacts.org/product/5014213711290/crunchy-peanut-butter-meridian 
40, Beurre de cacahuetes Whole Earth," roasted peanuts , sustainable palm oil, sea salt", peanut,peanut,, https://world.openfoodfacts.org/product/5013665115571/beurre-de-cacahuetes-whole-earth 
41, Super Nutty Wholefood M&S," peanuts , sultanas, raisins, almonds , cashew nuts , roasted hazelnuts , pumpkin seeds, sunflower seeds"," peanut, almonds, cashew nuts, hazelnuts","peanut, tree nut",, https://world.openfoodfacts.org/product/00797016/super-nutty-wholefood-m-s
42, Spaghetti prawns and black pepper sauce S&P," cooked spaghetti , water, prawns shellfish , garlic, black pepper , soy sauce soybeans, wheat, oyster sauce molluscs, sugar, modified starch, salt"," shellfish, soybeans, wheat, molluscs","shellfish, soy, wheat",, https://world.openfoodfacts.org/product/8850231800861/spaghetti-prawns-and-black-pepper-sauce-s-p 
43, 24 Escargots préparés à la bourguignonne Auchan," snail flesh molluscs , butter milk, garlic, parsley, salt, spices"," molluscs, milk",milk,, https://world.openfoodfacts.org/product/3596710441891/24-escargots-prepares-a-la-bourguignonne-belle-grosseur-auchan
44, Coq au Vin Auchan," chicken meat, wine sulphites, mushrooms, onions, carrots, wheat flour, bacon, salt, spices"," sulphites, wheat",wheat,, https://world.openfoodfacts.org/product/3596710411047/coq-au-vin-auchan 
45, Noix de St Jacques U, scallops molluscs, molluscs,,, https://world.openfoodfacts.org/product/3256220504997/noix-de-st-jacques-pecten-maximus-pechee-en-atlantique-nord-est-barquette-250g-u 
46, Coques au naturel Spanico," cockles molluscs, water, salt", molluscs,,, https://world.openfoodfacts.org/product/3760105569556/coques-au-naturel-spanico 
47, Raekju salat samlok Somi," shrimps shellfish , mayonnaise egg, mustard, asparagus, salt, spices"," shellfish, egg, mustard","shellfish, egg",, https://world.openfoodfacts.org/product/7799609723924/raekju-salat-samlok-somi 
48, 12 Escargots préparés Pouce," snail flesh molluscs , butter milk, garlic, parsley, salt"," molluscs, milk",milk,, https://world.openfoodfacts.org/product/3596710547807/12-escargots-prepares-a-la-bourguignonne-calibre-moyen-pouce 
49, Shrimp Cerviche Members Mark," shrimp shellfish, lime juice, tomatoes, onions, cilantro, salt, jalapenos", shellfish,shellfish,, https://world.openfoodfacts.org/product/0226700310250/shrimp-cerviche-members-mark 
50, Dark chocolate bar Eat Natural," dark chocolate cocoa mass, sugar, cocoa butter, emulsifier soya lecithin, cranberries, macadamias nuts, brazil nuts"," soya, macadamias, brazil nuts","soy, tree nut",, https://world.openfoodfacts.org/product/5013803666002/dark-chocolate-bar-with-cranberries-and-macadamias-eat-natural 
51, Macadamia Nut Brittle Haagen-Dazs," cream milk, skimmed milk, sugar, egg yolk, macadamia nut brittle macadamia nuts, sugar, coconut oil, butter, salt"," milk, egg, macadamia nuts","milk, egg, tree nut",, https://world.openfoodfacts.org/product/3415581122015/macadamia-nut-brittle-haagen-dazs
52, Soya Blueberry Vemondo," soya base water, hulled soya beans , sugar, blueberries , calcium tricalciumcitrate, stabiliser pectin, acidity regulators sodium citrates, citric acid, natural flavouring, sea salt, antioxidants fatty acid esters of ascorbic acid, tocopherolrich extract, yogurt cultures s thermophilus, l bulgaricus", soya,soy,, https://world.openfoodfacts.org/product/4056489466635/soya-blueberry-soijajogurtti-vemondo 
53, What The Cluck Vegan Chicken Style Chunks," soy base water, soy protein , natural flavourings, salt", soy,soy,, https://world.openfoodfacts.org/product/8718692786820/what-the-cluck-vegan-chicken-style-chunks-the-vegetarian-butcher 
54, Tofu Nature a Cuisiner Cereal Bio," water, soybeans , firming agents calcium sulfate, nigari", soybeans,soy,, https://world.openfoodfacts.org/product/3259011034000/tofu-nature-a-cuisiner-cereal-bio 
55, Tofu Suave de Seda Mori-Nu," water, soybeans , soy protein isolate , acidity regulator gluconodeltalactone, firming agent calcium chloride", soybeans,soy,, https://world.openfoodfacts.org/product/0085696000442/tofu-suave-de-seda-mori-nu 
56, Baresa High Protein Chickpea Soy Fettuccine," chickpea flour , soy flour ", soy,soy,, https://world.openfoodfacts.org/product/4056489961574/baresa-high-protein-chickpea-soy-fettuccine-37-6  
57, Like Grilled Chicken Like Meat," water, soy protein concentrate , sunflower oil, salt, spices", soy,soy,, https://world.openfoodfacts.org/product/4260380665039/like-grilled-chicken-like-meat 
58, Dessert Dark Chocolate Flavour Alpro," soya base water, hulled soya beans , sugar, fatreduced cocoa , modified starch, chocolate , calcium carbonate, flavouring, thickener carrageenan, sea salt, vitamins b, d", soya,soy,, https://world.openfoodfacts.org/product/5411188091622/dessert-dark-chocolate-flavour-alpro 
59, Sojasun a la Grecque Nature," soya juice water, hulled soya beans , selected ferments", soya,soy,, https://world.openfoodfacts.org/product/3273221093909/sojasun-a-la-grecque-nature 
60, Cadbury Chocolate Mini Rolls 10pk," milk chocolate sugar, cocoa butter, cocoa mass, skimmed milk powder, whey powder milk, milk fat, vegetable fats palm, shea, emulsifier soya lecithin, flavouring, sugar, wheat flour, glucosefructose syrup, vegetable oils palm, rapeseed, shea, egg, humectant glycerol, fat reduced cocoa powder, whey powder milk, soya flour, dried egg white, raising agents sodium bicarbonate, disodium diphosphate, salt, emulsifiers e, e, soya lecithin, milk proteins"," milk, wheat, soya, egg","milk, wheat, soy, egg",, https://world.openfoodfacts.org/product/5000221602606/cadbury-chocolate-mini-rolls-10pk 
61, Fish Sauce Blue Dragon," anchovy extract , salt, sugar, water", fish,fish,, https://world.openfoodfacts.org/product/5010338404383/fish-sauce-imp-blue-dragon 
62, Omega 3 Fish Fingers Ocean Sea," alaska pollock fish , wheat flour, rapeseed oil, water, salt, yeast, spices"," fish, wheat","fish, wheat",, https://world.openfoodfacts.org/product/4056489431039/omega-3-fish-fingers-ocean-sea 
63, Colin d'Alaska Sauce Provençale Carrefour," alaska pollock fish , water, tomato concentrate, onions, vegetable oils sunflower, rapeseed, modified corn starch, salt, sugar, herbs, spices", fish,fish,, https://world.openfoodfacts.org/product/3245414091238/colin-d-alaska-sauce-provencale-cmi-carrefour-marchandises-internationales 
64, Filets de Maquereaux Phare d'Eckmühl," mackerel fillets fish , organic muscadet wine sulphites, organic aromatics carrots, onions, lemon, pickles, salt"," fish, sulphites",fish,, https://world.openfoodfacts.org/product/3263670008517/filets-de-maquereaux-marines-au-muscadet-et-aux-aromates-bio-phare-d-eckmuhl 
65, Foie Morue Fumé Phare d'Eckmühl," smoked cod liver fish , salt", fish,fish,, https://world.openfoodfacts.org/product/3263670991314/foie-morue-fume-au-bois-de-hetre-phare-d-eckmuhl 
66, Batonnets Croustibat Findus," alaska pollock fish , wheat flour, water, vegetable oils rapeseed, sunflower, wheat starch, salt, yeast, spices"," fish, wheat","fish, wheat",, https://world.openfoodfacts.org/product/3599740007181/batonnets-croustibat-msc-findus 
67, California Gold Nutrition Omega-3 Fish Oil," fish oil concentrate anchovy, mackerel, sardine, gelatin fish, glycerin, water", fish,fish,, https://world.openfoodfacts.org/product/0898220009527/california-gold-nutrition-omega-3-premium-fish-oil 
68, Thunfisch Salat Mexicana Saupiquet," tuna fish , red beans, corn, corn oil, peppers, carrots, salt, flavourings", fish,fish,, https://world.openfoodfacts.org/product/3165950580860/thunfisch-salat-mexicana-saupiquet 
69, Salade Légumes et Thon Saupiquet," tuna fish , carrots, corn, peas, gherkins, spirit vinegar, sugar, salt, natural flavourings", fish,fish,, https://world.openfoodfacts.org/product/3165950222272/salade-legumes-et-thon-saupiquet
70, Ma Popote Mes Boulettes de Haricots Rouges Lesieur," red beans , onions, red peppers, wheat flour, sunflower oil, garlic, salt, spices", wheat,wheat,, https://world.openfoodfacts.org/product/3265470088881/ma-popote-mes-boulettes-de-haricots-rouges-lesieur 
71, Puree Sesame Blanc Tanin Jean Herve, hulled sesame seeds, sesame,sesame,, https://world.openfoodfacts.org/product/3390390001730/puree-sesame-blanc-tanin-jean-herve 
72, Gressins Sesame Marque Repere," wheat flour, sesame seeds , palm oil, yeast, salt, malted wheat flour"," sesame, wheat","sesame, wheat",, https://world.openfoodfacts.org/product/3564700401132/gressins-sesame-marque-repere 
73, Gressins au Sesame Bio Village," wheat flour, sesame seeds , sunflower oil, yeast, salt"," sesame, wheat","sesame, wheat",, https://world.openfoodfacts.org/product/3564707121439/gressins-au-sesame-bio-village 
74, Biscuits Tournesol Sesame Bio U," wheat flour, chocolate chips sugar, cocoa mass, cocoa butter, sunflower seeds , cane sugar, sunflower oil, sesame seeds , wheat syrup, raising agents ammonium carbonate, sodium carbonate, salt, lemon juice"," wheat, sesame","wheat, sesame",, https://world.openfoodfacts.org/product/3256228103932/biscuits-tournesol-sesame-bio-avec-pepites-de-chocolat-140g-u 
75, Galettes de Riz Complet au Sesame Auchan Bio," whole grain rice, sesame seeds , salt", sesame,sesame,, https://world.openfoodfacts.org/product/3596710519712/galettes-de-riz-complet-au-sesame-auchan-bio 
76, Crispy Chilli Oil with Peanuts and Sesame White Mausu," sunflower oil, peanuts , sesame seeds , chili flakes, tamari soy, salt, garlic, sea salt, sugar"," peanut, sesame, soy","peanut, sesame, soy",, https://world.openfoodfacts.org/product/5392000155503/crispy-chilli-oil-with-peanuts-and-sesame-white-mausu-peanut-r%C4%81yu 
77, Sesame Caramel Bar Korona," sesame seeds , caramel sugar, glucose syrup", sesame,sesame,, https://world.openfoodfacts.org/product/8719324585026/sesame-caramel-bar-korona 
78, Sesame Bar Eridanous," sesame seeds , glucose syrup, sugar", sesame,sesame,, https://world.openfoodfacts.org/product/20110475/sesame-bar-eridanous 
79, Knacke au Sesame Pural," whole rye flour, sesame seeds , salt"," sesame, rye",sesame,, https://world.openfoodfacts.org/product/3184340066005/knacke-au-sesame-pural 
80, Biscuits Sesame et Epeautre Elibio," spelt flour , sesame seeds , cane sugar, sunflower oil, coconut, raising agents, salt"," sesame, spelt",sesame,, https://world.openfoodfacts.org/product/3760294960301/biscuits-sesame-et-epeautre-elibio 
81, Medium Egg Noodles Sharwood's," wheat flour, egg , salt, acidity regulator potassium carbonate"," wheat, egg","wheat, egg",, https://world.openfoodfacts.org/product/5000354910920/medium-egg-noodles-145g-sharwood-s 
82, Mayonnaise Bouton d'Or," rapeseed oil, water, egg yolks , mustard water, mustard seeds, vinegar, salt, spices, vinegar, salt, sugar, modified starch, thickener xanthan gum"," egg, mustard",egg,, https://world.openfoodfacts.org/product/3250390009313/mayonnaise-bouton-d-or 
83, Mayonnaise Kewpie," vegetable oil rapeseed, soybean, egg yolk, vinegar, salt, monosodium glutamate, spices"," egg, soybean","egg, soy",, https://world.openfoodfacts.org/product/0033357051258/mayonnaise-kewpie 
84, Organic Nut Roast Clive's," vegetables onions, carrots, parsnips, brazil nuts , cashew nuts , walnuts , pumpkin seeds, sunflower seeds, flaxseeds, sea salt, herbs, spices"," brazil nuts, cashew nuts, walnuts",tree nut,, https://world.openfoodfacts.org/product/5031102001249/organic-nut-roast-clive-s 
85, Lasagnes aux Legumes Lidl," water, vegetables zucchini, carrots, spinach, durum wheat semolina, milk, cheese, wheat flour, vegetable oil, salt, spices"," wheat, milk, cheese","wheat, milk",, https://world.openfoodfacts.org/product/4056489193784/lasagnes-aux-legumes-lidl 
86, Potato and Onion Tortilla Marks & Spencer," potatoes , egg , onions , sunflower oil, salt", egg,egg,, https://world.openfoodfacts.org/product/29155255/potato-and-onion-tortilla-marks-spencer 
87, The Complete Cookie Lenny & Larry's," enriched wheat flour, cane sugar, margarine, chocolate chips, soy protein isolate, wheat gluten, flaxseed, psyllium husk"," wheat, soy","wheat, soy",, https://world.openfoodfacts.org/product/0787692838349/the-complete-cookie-lenny-larry-s 
88, Kinder Eggs Cacao Ferrero," sugar, skimmed milk powder, vegetable fats, wheat flour, fatreduced cocoa powder, wheat starch, cocoa mass, barley malt extract, soya lecithin, sunflower oil, milk proteins, cocoa butter, flavourings"," milk, wheat, barley, soya","milk, wheat, soy",, https://world.openfoodfacts.org/product/8000500243640/kinder-eggs-cacao-x12-oeufs-fourres-ferrero 
89, Pancakes Pepites de Chocolat Le Ster," wheat flour, eggs, sugar, chocolate chips sugar, cocoa mass, cocoa butter, soya lecithin, water, skimmed milk powder, rapeseed oil, salt, raising agents"," wheat, egg, soya, milk","wheat, egg, soy, milk",, https://world.openfoodfacts.org/product/3255290253965/pancakes-pepites-de-chocolat-le-ster 
90, Egg Noodles Morrisons," wheat flour, egg , salt, paprika extract, turmeric extract"," wheat, egg","wheat, egg",, https://world.openfoodfacts.org/product/5010251562849/egg-noodles-morrisons 
91, Protein Sourdough Toasting Loaf Aldi," wheat flour, water, pea protein, soy protein, wheat gluten, sourdough, yeast, salt, barley malt flour"," wheat, soy, barley","wheat, soy",, https://world.openfoodfacts.org/product/4069365229156/protein-sourdough-toasting-loaf-aldi-specially-selected
92, Classic Margherita Mozzarella & Tomato Pizza Pizza Express," wheat flour, mozzarella cheese milk , tomato pure , water, rapeseed oil, salt, yeast, sugar, oregano"," wheat, milk","wheat, milk",, https://world.openfoodfacts.org/product/5024530005293/classic-margherita-mozzarella-tomato-pizza-pizza-express 
93, Supergreen Salad Marks & Spencer," edamame soy beans , cooked puy lentils, peas, broccoli, spinach, vinaigrette rapeseed oil, white wine vinegar, honey, lemon juice, mint", soy,soy,, https://world.openfoodfacts.org/product/00075473/supergreen-salad-marks-spencer
94, Greek Style Salad Cheese Lidl," pasteurized sheeps milk, pasteurized goats milk, salt, lactic cultures, microbial coagulant", milk,milk,, https://world.openfoodfacts.org/product/20898717/greek-style-salad-cheese-lidl 
95, Salade de Thon Mexicaine Marque Repere," tuna fish , red beans, corn, water, red peppers, onion, spirit vinegar, salt, spices", fish,fish,, https://world.openfoodfacts.org/product/3564700842058/salade-de-thon-mexicaine-marque-repere 
96, Ambrosia Rice Pudding," full cream milk, skimmed milk, whey milk, rice , sugar", milk,milk,, https://world.openfoodfacts.org/product/5000354800931/ambrosia-rice-pudding 
97,The Classic Club Sandwich Tuna And Eggs,"whole wheat bread  wheat flour , whole wheat flour , water, rapeseed oil, salt, wheat gluten, yeast, spirit vinegar, reduced fat mayonnaise  water, rapeseed oil, starch, mustard water, mustard seeds, spirit vinegar, salt, egg yolk, spirit vinegar, sugar, salt, thickener guar gum, canned skipjack tuna  skipjack tuna, water, salt, tomato , and egg  egg, acidifier citric acid","eggs, fish, gluten, mustard ","egg, fish",, https://world.openfoodfacts.org/product/3367651000016/the-classic-club-sandwich-tuna-and-eggs-daunat
98, Best Lamb Gravy Bisto," potato starch, maltodextrin, palm oil, salt, wheat flour, flavourings, lamb powder, colour ec, emulsifier soya lecithin"," wheat, soya","wheat, soy",, https://world.openfoodfacts.org/product/5000354922862/best-lamb-gravu-bisto 
99, Vegetarian Quick Cook Lamb Steaks Linda McCartney's," rehydrated textured soya protein , water, rapeseed oil, flavourings, barley malt extract, salt, garlic powder"," soya, barley",soy,, https://world.openfoodfacts.org/product/5056053309473/vegetarian-quick-cook-lamb-steaks-linda-mccartney-s  
100, Gerble No Sugar Added Apple Blackcurrant Cake," wheat flour, concentrated apple puree , rapeseed oil, blackcurrant , egg, humectant glycerol, raising agents"," wheat, egg","wheat, egg",, https://world.openfoodfacts.org/product/3175681270749/gerble-no-sugar-added-apple-blackcurrant-cake-filling-180g-6-4oz 
101, Crownfield Special Flakes Red Fruit," rice , whole grain wheat , sugar, barley malt, freeze dried fruits strawberries, cherries, raspberries, salt"," wheat, barley",wheat,, https://world.openfoodfacts.org/product/20621452/crownfield-special-flakes-red-fruit 
102, Chicken Carrot and Houmous Wholemeal Wrap Marks & Spencer," wholemeal wheat flour, cooked chicken breast , carrots , cooked chickpeas, sesame seed paste, water, lemon juice, rapeseed oil, salt"," wheat, sesame","wheat, sesame",, https://world.openfoodfacts.org/product/29320646/chicken-carrot-and-houmous-wholemeal-wrap-marks-spencer 
103, Cottage Cheese with Pineapple Longley Farm," cottage cheese milk, pineapple , sugar", milk,milk,, https://world.openfoodfacts.org/product/5010578008044/cottage-cheese-with-pineapple-longley-farm 
104, Nutella Ferrero," sugar, palm oil, hazelnuts , skimmed milk powder , fatreduced cocoa , emulsifier soya lecithin, vanillin"," hazelnuts, milk, soya","tree nut, milk, soy",, https://world.openfoodfacts.org/product/3017620425035/nutella-ferrero 
105, Authentique Wasa," whole grain rye flour, yeast, salt", rye,,, https://world.openfoodfacts.org/product/7300400481595/authentique-wasa 
106, Milka Alpine Milk Chocolate Bar," sugar, cocoa butter, skimmed milk powder, cocoa mass, whey powder milk, milk fat, emulsifier soya lecithin, hazelnut paste, flavouring"," milk, soya, hazelnut","milk, soy, tree nut",, https://world.openfoodfacts.org/product/3045140105502/milka-alpine-milk-chocolate-bar 
107, 5% Greek Yogurt Fage," pasteurized skimmed milk, cream milk, live active yogurt cultures", milk,milk,, https://world.openfoodfacts.org/product/5201054017432/5-greek-yogurt-fage 
108, Cookies Biscuits Lotus Biscoff," wheat flour, sugar, vegetable oils palm, rapeseed, candy sugar syrup, raising agent sodium hydrogen carbonate, soya flour, salt, cinnamon"," wheat, soya","wheat, soy",, https://world.openfoodfacts.org/product/5410126716016/cookies-biscuits-lotus-biscoff
109, Real Mayonnaise Stokes," rapeseed oil , whole egg , water, spirit vinegar, sugar, sea salt, mustard flour"," egg, mustard",egg,, https://world.openfoodfacts.org/product/5060092690331/real-mayonnaise-stokes 
110, Original Pringles," dehydrated potatoes, vegetable oils sunflower, corn, rice flour, wheat starch, corn flour, emulsifier e, maltodextrin, salt, yeast extract", wheat,wheat,, https://world.openfoodfacts.org/product/5053990127726/original-pringles 
111, Muesli Crunchy 0 Hacendado," whole grain oat flakes , sweetener maltitol, palm fat, flour wheat, rye, coconut, salt, flavorings"," wheat, rye",wheat,, https://world.openfoodfacts.org/product/8402001010873/muesli-crunchy-0-hacendado 
112, Chocapic Cereals Nestle," whole grain wheat , sugar, wheat flour, maize semolina, cocoa powder, barley malt extract, sunflower oil, salt, emulsifier sunflower lecithin, flavorings"," wheat, barley",wheat,, https://world.openfoodfacts.org/product/7613034626844/chocapic-cereals-nestle 
113, Youwefit Omega 3 1250 Fish Oil," fish oil anchovy, sardine, mackerel, gelatin, glycerin, purified water", fish,fish,, https://world.openfoodfacts.org/product/8904463100357/youwefit-omega-3-1250-fish-oil-capsule-triple-strength-youwefit-is-sold-by-wellversed
114, Bacalao Ajoarriero Aldi," atlantic cod fish , tomato, onion, red pepper, sunflower oil, garlic, salt, sugar", fish,fish,, https://world.openfoodfacts.org/product/4068263063510/bacalao-ajoarriero-aldi-specially-selected 
115, Cold Smoked Salmon Nautica," atlantic salmon fish, salt", fish,fish,, https://world.openfoodfacts.org/product/20034658/cold-smoked-salmon-nautica 
116, Salmon Fillets Tesco, atlantic salmon fish , fish,fish,, https://world.openfoodfacts.org/product/5057373699688/salmon-fillets-tesco 
117, Saumon Atlantique Fumé Norvège Labeyrie," atlantic salmon fish, salt", fish,fish,, https://world.openfoodfacts.org/product/3033610071303/saumon-atlantique-fume-norvege-labeyrie 
118, Taquitos de Salmón Ahumado Hacendado," atlantic salmon fish, salt, sugar", fish,fish,, https://world.openfoodfacts.org/product/8480000226129/taquitos-de-salmon-ahumado-hacendado 
119, Roasted Unsalted Cashews Pete's," cashew nuts, vegetable oil peanut, cottonseed, soybean"," cashew nuts, peanut, soybean","tree nut, peanut, soy",, https://world.openfoodfacts.org/product/0609456365727/roasted-unsalted-cashews-pete-s 
120, No Added Sugar Muesli Alpen," whole grain wheat , whole grain rolled oats , raisins , skimmed milk powder, milk whey powder, roasted sliced hazelnuts and almonds, salt"," wheat, milk, hazelnuts, almonds","wheat, milk, tree nut",, https://world.openfoodfacts.org/product/5010029219326/no-added-sugar-muesli-imp-alpen 
121, Chicken Tikka The Gym Kitchen," cooked chicken breast , cooked brown rice , water, onions, tomato puree, yogurt milk, spices, garlic, ginger, cornflour, salt", milk,milk,, https://world.openfoodfacts.org/product/5060084345539/chicken-tikka-the-gym-kitchen 
122, Risotto au Poulet et aux Cèpes Toque du Chef," cooked rice , water, chicken meat , cream milk, porcini mushrooms , onions, white wine, salt, spices", milk,milk,, https://world.openfoodfacts.org/product/4056489194965/risotto-au-poulet-et-aux-cepes-toque-du-chef 
123, Knacki Saucisses au Poulet Nestle," chicken meat , water, wheat fiber, salt, dextrose, spices, flavorings, antioxidant sodium ascorbate, preservative sodium nitrite", wheat,wheat,, https://world.openfoodfacts.org/product/7613035289291/knacki-saucisses-au-poulet-nestle 
124, Super Duper Chicken Nuggets Kidfresh," chicken breast meat, water, pureed vegetables cauliflower, onions, enriched wheat flour, corn starch, salt, yeast", wheat,wheat,, https://world.openfoodfacts.org/product/0810882010024/super-duper-chicken-nuggets-kidfresh 
125, Pechuga de Pavo Lonchas Finas ElPozo," turkey breast , water, salt, soy protein, milk protein, dextrose, spices, flavorings, stabilizers e, e, antioxidant e, preservative e"," soy, milk","soy, milk",, https://world.openfoodfacts.org/product/8410843145202/pechuga-de-pavo-lonchas-finas-elpozo 
126, Krisprolls Complets Sans Sucres Ajoutes," whole grain wheat flour , wheat flour, yeast, salt, barley malt"," wheat, barley",wheat,, https://world.openfoodfacts.org/product/7311070032611/krisprolls-complets-sans-sucres-ajoutes 
127, Lemon & Pepper Fish Fillets Yew Tree Dairy," basa fish , lemon  pepper glaze sugar, cornflour, salt, black pepper, citric acid, lemon peel, natural flavouring", fish,fish,, https://world.openfoodfacts.org/product/5000205048277/2-lemon-pepper-fish-fillets-yew-tree-dairy 
128, Young's Salt & Pepper Basa Fillets," basa fish , salt  pepper glaze cornflour, sugar, salt, black pepper, green bell pepper, parsley", fish,fish,, https://world.openfoodfacts.org/product/5000205046990/youngs-salt-pepper-basa-fillets-2pk 
129, Salt & Chilli Pepper Nuts & Seeds Boundless," walnuts, pecan nuts, pumpkin seeds, sunflower seeds, maple syrup, salt, chilli, black pepper"," walnuts, pecan nuts",tree nut,, https://world.openfoodfacts.org/product/5060544130279/salt-chilli-pepper-nuts-seeds-boundless 
130, Gochujang Ajumma Republic," starch syrup, wheat flour, water, red pepper powder, salt, rice, garlic, onion, fermented soybean powder"," wheat, soy","wheat, soy",, https://world.openfoodfacts.org/product/8809410721459/gochujang-ajumma-republic 
131, Bell Peppers with Cream Cheese M&S Food," red peppers, cream cheese milk, rapeseed oil, sugar, salt, acetic acid, lactic acid", milk,milk,, https://world.openfoodfacts.org/product/00740265/bell-peppers-with-cream-cheese-m-s-food 
133, Sea Salt & Black Pepper Cashews Sainsbury's," cashew nuts , sea salt, black pepper, cornflour, sugar, yeast extract powder, citric acid", cashew nuts,tree nut,, https://world.openfoodfacts.org/product/00429993/sea-salt-black-pepper-cashews-by-sainsbury-s 
134, Gerblé Salt Free Biscuits with Raisins," wheat flour, raisins , rapeseed oil, cane sugar, wheat starch, natural flavourings", wheat,wheat,, https://world.openfoodfacts.org/product/3251491787810/gerble-salt-free-biscuits-with-raisins-20-pc-360g 
135, Japanese Rainbow Slaw BOL," edamame soy beans, carrots, red cabbage, quinoa, black rice, pickled ginger, sesame seed dressing"," soy, sesame","soy, sesame",, https://world.openfoodfacts.org/product/5060430290322/japanese-rainbow-slaw-salad-jar-bol 
136, Fresh Noodles Japanese Teriyaki BOL," wheat noodles, teriyaki sauce water, soy sauce, sugar, cornflour, ginger, garlic, broccoli, carrots, red peppers, sesame seeds"," wheat, soy, sesame","wheat, soy, sesame",, https://world.openfoodfacts.org/product/5060430292104/fresh-noodles-japanese-teriyaki-bol
137, Milky Way Chocolate Bar," milk chocolate sugar, cocoa butter, skim milk, chocolate, lactose, milkfat, soy lecithin, corn syrup, sugar, palm oil, skim milk, less than  of milkfat, cocoa powder processed with alkali, barley malt extract, lactose, salt, egg whites, chocolate, artificial flavor"," milk, soy, egg, barley","milk, soy, egg",, https://world.openfoodfacts.org/product/5000159413589/milkyway-milky-way
138, Toblerone Milk Chocolate," milk chocolate sugar, milk ingredients, cocoa butter, unsweetened chocolate, soy lecithin, artificial flavor, nougat sugar, honey, almonds, dried eggwhite, citric acid"," milk, soy, almonds, egg","milk, soy, tree nut, egg",, https://world.openfoodfacts.org/product/07027703/toblerone
139, Cooked Shrimp Winco Foods," shrimp, water, salt, sodium tripolyphosphate to retain moisture", shellfish,shellfish,, https://world.openfoodfacts.org/product/0070552308145/cooked-shrimp-winco-foods
140, Breaded Shrimp Tampa Bay Fisheries," shrimp, wheat flour, enriched wheat flour wheat flour, niacin, reduced iron, thiamine mononitrate, riboflavin, folic acid, modified corn starch, yellow corn flour, modified potato starch, salt, sugar, garlic powder, onion powder, maltodextrin, spice, vinegar solids, yeast, egg whites, dextrose, water, soybean oil, spices, dehydrated garlic, dehydrated tomato, leavening sodium acid pyrophosphate, sodium bicarbonate, sodium diacetate, dehydrated onion, extractives of paprika, paprika, xanthan gum, citric acid, natural flavor, sodium tripolyphosphate"," shellfish, wheat, egg, soy","shellfish, wheat, egg, soy",, https://world.openfoodfacts.org/product/0024732275277/shrimp-tampa-bay-fisheries
141, Medium Raw Shrimp Great Value," shrimp, water, salt, sodium tripolyphosphate", shellfish,shellfish,, https://world.openfoodfacts.org/product/0078742133867/medium-raw-shrimp-great-value
142, Prawns in Brine Coles," prawns , water, salt, sugar, stabilisers , , , food acid citric acid, preservative ", shellfish,shellfish,, https://world.openfoodfacts.org/product/9300601185559/coles-prawns-in-brine
143, Raw Shrimp Adelphia Seafood," shrimp, sodium bisulfite, sodium tripolyphosphate to retain moisture", shellfish,shellfish,, https://world.openfoodfacts.org/product/0820324237124/raw-shrimp-adelphia-seafood
144, Creamy Peanut Butter Peanut Delight," dry roasted peanuts, sugar, hydrogenated vegetable oil rapeseed, cottonseed, soybean, salt, molasses"," peanut, soy","peanut, soy",, https://world.openfoodfacts.org/product/1426190103106/creamy-peanut-butter-peanut-delight
145, Creamy Peanut Butter American," peanuts, dextrose, hydrogenated vegetable oil cottonseed, rapeseed, salt", peanut,peanut,, https://world.openfoodfacts.org/product/0073147105006/creamy-peanut-butter-american
146, Chocolate Peanut Butter Clif Builders Protein," soy protein isolate, cane syrup, cane sugar, brown rice syrup, palm kernel oil, vegetable glycerin, soy flour, rice flour, chicory fiber, peanuts, natural flavors, peanut butter, cocoa butter, cocoa, soy protein concentrate, high oleic sunflower oil, sea salt, rice starch, soy lecithin, mixed tocopherols antioxidant"," soy, peanut","soy, peanut",, https://world.openfoodfacts.org/product/0722252168504/chocolate-peanut-butter-clif-builders-protein
147, Overnight Oats Peanut Butter Trader Joe's," water, rolled oats, dates, peanut butter, peanut flour, salt", peanut,peanut,, https://world.openfoodfacts.org/product/00775441/overnight-oats-peanut-butter-trader-joe-s
148, Peanut Butter Filled Dates Freakin' Wholesome," dates, peanuts, cocoa, butter, himalayan pink salt"," peanut, milk","peanut, milk",, https://world.openfoodfacts.org/product/0850040419375/peanut-butter-filled-dates-freakin-wholesome
149, Peanut Butter Great Value," peanuts, sugar, contains  or less of hydrogenated vegetable oil cottonseed oil, soybean oil, rapeseed oil, salt, molasses, monoglycerides"," peanut, soy","peanut, soy",, https://world.openfoodfacts.org/product/0194346116607/creamy-peanut-butter-great-value
150, Peanut Butter Cup Ice Cream Great Value," milk, cream, skim milk, sugar, buttermilk, whey, peanut butter ribbon and flavor base peanuts, peanut oil, salt, mono and diglycerides, peanut butter cups sugar, coconut oil, peanut butter peanuts, salt, peanut flour, nonfat milk, whole milk, cocoa processed with alkali, salt, soy lecithin, natural flavors, chocolate fudge ribbon corn syrup, sugar, water, palm oil, chocolate liquor, cocoa processed with alkali, pectin, mono and diglycerides, polysorbate , corn syrup, contains less than  of mono and diglycerides, carob bean gum, guar gum, cellulose gel, cellulose gum, carrageenan"," milk, peanut, soy","milk, peanut, soy",, https://world.openfoodfacts.org/product/0078742077017/peanut-butter-cup-ice-cream-great-value
151,Tomato Ketchup - Heinz - 1.35 kg,"tomatoes g per g tomato ketchup, spirit vinegar, sugar, salt, spice and herb extracts contains celery, spice",no allergens detected,,,https://world.openfoodfacts.org/product/50457236/tomato-ketchup-heinz 
152,Five Bean Salad - Napolina - 400g,"mixed beans in variable proportions  red kidney beans, pinto beans, cannellini beans, borlotti beans, chick peas, water, salt, ascorbic acid",no allergens detected,,,https://world.openfoodfacts.org/product/5000232849816/five-bean-salad-napolina 
153,Honey & Mustard Dressing - Sainsbury's - 250ml,"water, rapeseed oil, honey , cider vinegar, mustard seeds , sugar, spirit vinegar, cornflour, salt, concentrated lemon juice, stabiliser xanthan gum, turmeric",no allergens detected,,,https://world.openfoodfacts.org/product/01477610/be-good-to-yourself-honey-mustard-dressing-sainsbury-s 
154,Organic Lightly Salted Wholegrain Low Fat Rice Cakes - Kallo - 130g,"organic wholegrain brown rice, sea salt", no allergens detected,,, https://world.openfoodfacts.org/product/5013665100065/organic-lightly-salted-wholegrain-low-fat-rice-cakes-kallo 
155,Apple & Blackcurrant Juice Drink - Robinsons,"water, fruit juices from concentrate apple , blackcurrant , acids citric acid, malic acid, refined barley water , acidity regulator sodium citrate, sweeteners acesulfame k, sucralose, natural colour anthocyanins, natural flavouring, preservatives potassium sorbate, sodium metabisulphite, vitamin c", no allergens detected,,,https://world.openfoodfacts.org/product/5000147030149/robinsons-apple-blackcurrant 
156,Grated Carrots with Chives - Pierre Martinet - 220g,"carrots , rapeseed oil, water, alcohol vinegar, chives , salt, mustard water, mustard seeds, alcohol vinegar, salt, lemon juice from concentrate, modified starch, thickener xanthan gum, pepper", no allergens detected,,,https://world.openfoodfacts.org/product/3281780894950/mes-carottes-rapees-a-la-ciboulette-pierre-martinet 
157,Fruit Splits Raspberry & Pineapple - Bear - 5x20g,"apples, pears, raspberries, pineapple, black carrot extract", no allergens detected,,,https://world.openfoodfacts.org/product/5060139436151/fruit-splits-raspberry-pineapple-bear 
158,Bouillon Kub Chicken - Maggi - 120g,"salt, corn starch, sugar, palm oil, glucose syrup, chicken meat , onion, parsley, turmeric, celery extract, antioxidant rosemary extract",no allergens detected,,,https://world.openfoodfacts.org/product/7613032397623/maggi-bouillon-kub-volaille-reduit-en-sel-de-25-120g-nestle 
159,Oven Roasted Turkey Breast - Fleury Michon - 120g,"turkey breast , water, salt, natural flavourings, concentrates beetroot, chard, carrot, dextrose, antioxidant ascorbic acid",no allergens detected,,,https://world.openfoodfacts.org/product/3095756308019/blanc-de-dinde-dore-au-four-fleury-michon 
160,Roast Chicken Slice - Tesco - 180g,"chicken breast , water, salt, cornflour, dextrose, stabilisers sodium triphosphate", no allergens detected,,,https://world.openfoodfacts.org/product/5059697724442/roast-chicken-slice-tesco 
161,Organic Chicken Stock - Kirkland Signature - 946ml,"organic chicken stock water, organic chicken flavor, organic vegetable stock organic carrot, organic onion, organic celery, sea salt, organic cane sugar, organic chicken fat",no allergens detected,,,https://world.openfoodfacts.org/product/0096619782581/organic-chicken-stock-kirkland-signature 
162,Strawberry Jam - Bonne Maman - 370g,"strawberries, sugar, cane sugar, concentrated lemon juice, gelling agent fruit pectin",no allergens detected,,,https://world.openfoodfacts.org/product/3045320094008/strawberry-jam-bonne-maman 
163,Gazpacho - Alvalle - 1L,"fresh vegetables  tomato, pepper, cucumber, onion, extra virgin olive oil , wine vinegar, salt, garlic, lemon juice",no allergens detected,,,https://world.openfoodfacts.org/product/3168930163480/gazpacho-alvalle 
164,Intense Apricot Jam - Bonne Maman - 335g,"apricots, sugar, concentrated lemon juice, gelling agent fruit pectin",no allergens detected,,,https://world.openfoodfacts.org/product/3608580823452/confiture-abricot-intense-bonne-maman 
165,Organic Vegetable Stock Cubes - Kallo - 88g,"sea salt, organic palm oil, organic maize starch, organic yeast extract, organic vegetables  onion, carrot, celery, pumpkin, organic herbs parsley, lovage, rosemary, organic spices turmeric, mace, garlic",no allergens detected,,,https://world.openfoodfacts.org/product/5013665112273/organic-vegetable-stock-cubes-kall%C3%B8 
166,Organic Swiss Vegetable Vegan Bouillon Powder - Marigold - 150g,"sea salt, potato starch, palm oil, vegetables  parsnip, onion, carrot, leek, celery seed, white pepper, turmeric, mace, parsley, lovage",no allergens detected,,,https://world.openfoodfacts.org/product/5016084235516/organic-swiss-vegetable-vegan-bouillon-powder-marigold
167,Sweet Corn Niblets Green Giant,"corn, water, salt, sugar",no allergens detected,,,https://world.openfoodfacts.org/product/0020000120706/sweet-corn-niblets-green-giant
168,Diced Tomatoes Hunt's,"tomatoes, tomato juice, salt, calcium chloride, citric acid",no allergens detected,,,https://world.openfoodfacts.org/product/0027000381113/diced-tomatoes-hunts
169,Organic Tomato Basil Pasta Sauce 365 Everyday Value,"organic diced tomatoes, organic tomato puree, organic basil, organic extra virgin olive oil, organic onions, salt, organic garlic, organic dehydrated onions, organic dehydrated garlic, organic dried basil, organic oregano",no allergens detected,,,https://world.openfoodfacts.org/product/0099482455712/organic-tomato-basil-pasta-sauce-365-everyday-value
170,Tomato Basil Pasta Sauce Classico,"tomato puree, tomatoes, water, tomato juice, onions, salt, garlic, basil, olive oil, dehydrated garlic, black pepper, citric acid, calcium chloride",no allergens detected,,,https://world.openfoodfacts.org/product/0045700330040/tomato-basil-classico-pasta-sauce
171,Organic Green Beans Cut Del Monte,"organic green beans, water, sea salt",no allergens detected,,,https://world.openfoodfacts.org/product/0024000164913/organic-green-beans-cut-del-monte
172,Basmati Rice Tilda,basmati rice,no allergens detected,,,https://world.openfoodfacts.org/product/5017689338039/basmati-rice-tilda
173,Brown Rice Uncle Ben's,parboiled long grain brown rice,no allergens detected,,,https://world.openfoodfacts.org/product/0054800220731/brown-rice-uncle-bens
174,Organic Jasmine Rice Lundberg,organic jasmine rice,no allergens detected,,,https://world.openfoodfacts.org/product/0073416003019/organic-jasmine-rice-lundberg
175,Long Grain White Rice Great Value,"long grain rice enriched with iron ferric phosphate, niacin, thiamine mononitrate, folic acid", no allergens detected,,,https://world.openfoodfacts.org/product/0078742352534/long-grain-enriched-rice-great-value
176,Organic Chickpeas Eden Foods,"organic chickpeas, water, sea salt",no allergens detected,,,https://world.openfoodfacts.org/product/0024182001099/organic-chickpeas-eden-foods
177,Organic Black Beans 365 Everyday Value,"organic black beans, water, sea salt",no allergens detected,,,https://world.openfoodfacts.org/product/0099482442729/organic-black-beans-365-everyday-value
178,Organic Pinto Beans S&W,"organic pinto beans, water, sea salt",no allergens detected,,,https://world.openfoodfacts.org/product/0039000000528/organic-pinto-beans-sw
179,Red Kidney Beans Bush's Best,"prepared red kidney beans, water, salt, calcium chloride, calcium disodium edta",no allergens detected,,,https://world.openfoodfacts.org/product/0039400019947/red-kidney-beans-bushs-best
180,Organic Diced Tomatoes Muir Glen,"organic tomatoes, organic tomato juice, sea salt, calcium chloride, citric acid",no allergens detected,,,https://world.openfoodfacts.org/product/0042272005314/organic-diced-tomatoes-muir-glen
181,Crushed Tomatoes Hunt's,"tomatoes, salt, citric acid",no allergens detected,,,https://world.openfoodfacts.org/product/0027000381267/crushed-tomatoes-hunts
182,Tomato Sauce Contadina,"tomato puree water, tomato paste, salt, citric acid",no allergens detected,,,https://world.openfoodfacts.org/product/0024000163930/tomato-sauce-contadina
183,Organic Apple Sauce Mott's,"organic apples, water, ascorbic acid vitamin c",no allergens detected,,,https://world.openfoodfacts.org/product/0014800328745/organic-apple-sauce-motts
184,Mandarin Oranges Dole,"mandarin orange segments, water, sugar",no allergens detected,,,https://world.openfoodfacts.org/product/0038900029012/mandarin-oranges-dole
185,Sliced Peaches Del Monte,"peaches, water, sugar, natural flavors, ascorbic acid, citric acid", no allergens detected,,,https://world.openfoodfacts.org/product/0024000167525/sliced-peaches-del-monte
186,Pineapple Chunks Dole,"pineapple, pineapple juice", no allergens detected,,,https://world.openfoodfacts.org/product/0038900002503/pineapple-chunks-dole
187,Organic Tomato Paste Hunt's,organic tomatoes, no allergens detected,,, https://world.openfoodfacts.org/product/0027000420485/organic-tomato-paste-hunts
188,Coconut Milk Thai Kitchen,"coconut milk coconut extract, water, water, guar gum", no allergens detected,,,https://world.openfoodfacts.org/product/0737628002801/coconut-milk-thai-kitchen
189,Organic Coconut Cream Native Forest,"organic coconut, water, organic guar gum", no allergens detected,,, https://world.openfoodfacts.org/product/0043182003667/organic-coconut-cream-native-forest
190,Sliced Carrots Del Monte,"carrots, water, salt, calcium chloride", no allergens detected,,,https://world.openfoodfacts.org/product/0024000116806/sliced-carrots-del-monte
191,Cut Green Beans Del Monte,"green beans, water, salt", no allergens detected,,,https://world.openfoodfacts.org/product/0024000166542/cut-green-beans-del-monte
192,Sweet Peas Del Monte,"peas, water, sugar, salt",no allergens detected,,,https://world.openfoodfacts.org/product/0024000167228/sweet-peas-del-monte
193,White Potatoes Del Monte,"potatoes, water, salt, calcium chloride", no allergens detected,,,https://world.openfoodfacts.org/product/0024000164920/white-potatoes-del-monte
194, Organic Black Beans Goya," organic black beans, water, salt", no allergens detected,,, https://world.openfoodfacts.org/product/0041331029032/organic-black-beans-goya
195, Garbanzo Beans Goya," chickpeas, water, salt, calcium disodium edta, disodium edta", no allergens detected,,, https://world.openfoodfacts.org/product/0041331013178/garbanzo-beans-goya
196, Organic Lentils 365 Everyday Value," organic lentils, water, sea salt", no allergens detected,,, https://world.openfoodfacts.org/product/0099482442804/organic-lentils-365-everyday-value
197, Pure Pumpkin Libby's, pumpkin, no allergens detected,,, https://world.openfoodfacts.org/product/0043000005255/pure-pumpkin-libbys
198, Sweet Potato Puree Farmer's Market Foods, sweet potatoes, no allergens detected,,, https://world.openfoodfacts.org/product/0085239063705/sweet-potato-puree-farmers-market-foods
199, Organic Brown Rice Lundberg, organic long grain brown rice, no allergens detected,,, https://world.openfoodfacts.org/product/0073416000087/organic-brown-rice-lundberg
200, Organic Pure Maple Syrup Coombs Family Farms, organic pure maple syrup, no allergens detected,,, https://world.openfoodfacts.org/product/0071850005402/organic-pure-maple-syrup-coombs-family-farms
